INSERT INTO tb_category (name, created_At) VALUES ('Aliado', NOW());
INSERT INTO tb_category (name, created_At) VALUES ('Traidor', NOW());

INSERT INTO tb_soldier (soldier_name, age, genre, previous_lat, previous_lng, Current_lat, Current_lng, name_galaxy_base, accusations, category_id) VALUES ('Luke Skywalker', 40, 'Humano', -137.5292, 74.3499, 76.6174, 18.5075, 'Base Corvo', 0, 1);
INSERT INTO tb_soldier (soldier_name, age, genre, previous_lat, previous_lng, Current_lat, Current_lng, name_galaxy_base, accusations, category_id) VALUES ('Han Solo', 20, 'Humano', -16.7020, 88.9961, -7.7766, 28.2574, 'Base Echo', 0, 1);
INSERT INTO tb_soldier (soldier_name, age, genre, previous_lat, previous_lng, Current_lat, Current_lng, name_galaxy_base, accusations, category_id) VALUES ('Chirrut Îmwe', 50, 'Humano', 150.9252, 31.9221, -107.7683, -58.9927, 'Base Falcão', 0, 1);
INSERT INTO tb_soldier (soldier_name, age, genre, previous_lat, previous_lng, Current_lat, Current_lng, name_galaxy_base, accusations, category_id) VALUES ('Baze Malbus', 22, 'Humano', 11.6366, 52.6337, -64.0069, 76.6591, 'Centro Industrial de Durkteel', 0, 1);
INSERT INTO tb_soldier (soldier_name, age, genre, previous_lat, previous_lng, Current_lat, Current_lng, name_galaxy_base, accusations, category_id) VALUES ('Ruescott Melshi', 45, 'Humano', 56.8446, 47.0691, -105.4035, -51.1230, 'Estação Echo 3-T-8', 0, 1);
INSERT INTO tb_soldier (soldier_name, age, genre, previous_lat, previous_lng, Current_lat, Current_lng, name_galaxy_base, accusations, category_id) VALUES ('Paodok Draba Takat', 18, 'Drabatano', -46.5326, 38.3706, -62.5604, -67.6901, 'Estação Echo 5-7', 0, 1);
INSERT INTO tb_soldier (soldier_name, age, genre, previous_lat, previous_lng, Current_lat, Current_lng, name_galaxy_base, accusations, category_id) VALUES ('Bodhi Rook', 66, 'Humano', 95.6688, 6.0892, -93.3039, 8.3074, 'Posto avançado de Crait', 0, 1);
INSERT INTO tb_soldier (soldier_name, age, genre, previous_lat, previous_lng, Current_lat, Current_lng, name_galaxy_base, accusations, category_id) VALUES ('Arro Basteren', 18, 'Humano', -84.2104, -47.8010, -174.3518, 75.8782, 'Grande Templo (Yavin 4)', 0, 1);
INSERT INTO tb_soldier (soldier_name, age, genre, previous_lat, previous_lng, Current_lat, Current_lng, name_galaxy_base, accusations, category_id) VALUES ('Yosh Calfor', 15, 'Humano', -47.5814, -36.4537, 151.8775, -29.1259, 'Base em Dantooine', 0, 1);
INSERT INTO tb_soldier (soldier_name, age, genre, previous_lat, previous_lng, Current_lat, Current_lng, name_galaxy_base, accusations, category_id) VALUES ('Eskro Casrich', 44, 'Humano', 131.8820, 77.8746, -49.5030, 16.2686, 'Base Falcão', 0, 1);
INSERT INTO tb_soldier (soldier_name, age, genre, previous_lat, previous_lng, Current_lat, Current_lng, name_galaxy_base, accusations, category_id) VALUES ('Farsin Kappehl', 32, 'Humano', 95.8493, 20.7706, -151.5054, 7.0957, 'Base Corvo', 0, 1);
INSERT INTO tb_soldier (soldier_name, age, genre, previous_lat, previous_lng, Current_lat, Current_lng, name_galaxy_base, accusations, category_id) VALUES ('Stordan Tonc', 37, 'Humano', 42.8421, 8.6810, -164.6861, -40.4248, 'Base Corvo', 0, 1);
INSERT INTO tb_soldier (soldier_name, age, genre, previous_lat, previous_lng, Current_lat, Current_lng, name_galaxy_base, accusations, category_id) VALUES ('Serchill Rostok', 48, 'Humano', -112.3747, -74.0169, -155.1238, 57.0232, 'Posto avançado de Crait', 0, 1);
INSERT INTO tb_soldier (soldier_name, age, genre, previous_lat, previous_lng, Current_lat, Current_lng, name_galaxy_base, accusations, category_id) VALUES ('Jav Mefran', 55, 'Humano', 113.6687, -4.8264, -140.8846, 56.6481, 'Posto avançado de Crait', 0, 1);
INSERT INTO tb_soldier (soldier_name, age, genre, previous_lat, previous_lng, Current_lat, Current_lng, name_galaxy_base, accusations, category_id) VALUES ('C1-10P', 22, 'Robo', 127.8741, -51.2906, -47.8524, -48.1931, 'Base Falcão', 0, 1);
INSERT INTO tb_soldier (soldier_name, age, genre, previous_lat, previous_lng, Current_lat, Current_lng, name_galaxy_base, accusations, category_id) VALUES ('Garazeb Orrelios', 29, 'Lasat', -4.6971, 68.1714, -128.7280, -15.4593, 'Estação Echo 5-7', 0, 1);
INSERT INTO tb_soldier (soldier_name, age, genre, previous_lat, previous_lng, Current_lat, Current_lng, name_galaxy_base, accusations, category_id) VALUES ('Jacen Syndulla', 112, 'Hibrido Humano e Twilek', 83.7076, 70.2220, 5.1804, 69.6807, 'Posto avançado de Crait', 0, 1);
INSERT INTO tb_soldier (soldier_name, age, genre, previous_lat, previous_lng, Current_lat, Current_lng, name_galaxy_base, accusations, category_id) VALUES ('Kanan Jarrus', 450, 'Humano', 155.4676, 79.6900, 75.7339, 12.9847, 'Base Falcão', 0, 1);
INSERT INTO tb_soldier (soldier_name, age, genre, previous_lat, previous_lng, Current_lat, Current_lng, name_galaxy_base, accusations, category_id) VALUES ('Obi-Wan Kenobi', 5, 'Humano', -8.7993, 63.7865, 171.0671, -46.8745, 'Estação Echo 5-7', 0, 1);
INSERT INTO tb_soldier (soldier_name, age, genre, previous_lat, previous_lng, Current_lat, Current_lng, name_galaxy_base, accusations, category_id) VALUES ('Anakin Skywalker', 90, 'Humano', -3.0067, -12.9370, 20.5724, 36.7864, 'Base Corvo', 0, 1);

INSERT INTO tb_inventory (soldier_id, inventory_status) VALUES (1, 'ATIVO');
INSERT INTO tb_inventory (soldier_id, inventory_status) VALUES (2, 'ATIVO');
INSERT INTO tb_inventory (soldier_id, inventory_status) VALUES (3, 'ATIVO');
INSERT INTO tb_inventory (soldier_id, inventory_status) VALUES (4, 'ATIVO');
INSERT INTO tb_inventory (soldier_id, inventory_status) VALUES (5, 'ATIVO');
INSERT INTO tb_inventory (soldier_id, inventory_status) VALUES (6, 'ATIVO');
INSERT INTO tb_inventory (soldier_id, inventory_status) VALUES (7, 'ATIVO');
INSERT INTO tb_inventory (soldier_id, inventory_status) VALUES (8, 'ATIVO');
INSERT INTO tb_inventory (soldier_id, inventory_status) VALUES (9, 'ATIVO');
INSERT INTO tb_inventory (soldier_id, inventory_status) VALUES (10, 'ATIVO');
INSERT INTO tb_inventory (soldier_id, inventory_status) VALUES (11, 'ATIVO');
INSERT INTO tb_inventory (soldier_id, inventory_status) VALUES (12, 'ATIVO');
INSERT INTO tb_inventory (soldier_id, inventory_status) VALUES (13, 'ATIVO');
INSERT INTO tb_inventory (soldier_id, inventory_status) VALUES (14, 'ATIVO');
INSERT INTO tb_inventory (soldier_id, inventory_status) VALUES (15, 'ATIVO');
INSERT INTO tb_inventory (soldier_id, inventory_status) VALUES (16, 'ATIVO');
INSERT INTO tb_inventory (soldier_id, inventory_status) VALUES (17, 'ATIVO');
INSERT INTO tb_inventory (soldier_id, inventory_status) VALUES (18, 'ATIVO');
INSERT INTO tb_inventory (soldier_id, inventory_status) VALUES (19, 'ATIVO');
INSERT INTO tb_inventory (soldier_id, inventory_status) VALUES (20, 'ATIVO');

INSERT INTO tb_item (amount, item_name, score, inventory_id) VALUES (2, 'Arma', 4, 2);
INSERT INTO tb_item (amount, item_name, score, inventory_id) VALUES (3, 'Comida', 1, 1);
INSERT INTO tb_item (amount, item_name, score, inventory_id) VALUES (2, 'Água', 2, 2);
INSERT INTO tb_item (amount, item_name, score, inventory_id) VALUES (5, 'Água', 2, 8);
INSERT INTO tb_item (amount, item_name, score, inventory_id) VALUES (1, 'Comida', 1, 3);
INSERT INTO tb_item (amount, item_name, score, inventory_id) VALUES (1, 'Munição', 3, 9);
INSERT INTO tb_item (amount, item_name, score, inventory_id) VALUES (2, 'Água', 2, 1);
INSERT INTO tb_item (amount, item_name, score, inventory_id) VALUES (3, 'Arma', 4, 4);
INSERT INTO tb_item (amount, item_name, score, inventory_id) VALUES (3, 'Água', 2, 8);
INSERT INTO tb_item (amount, item_name, score, inventory_id) VALUES (4, 'Água', 2, 5);
INSERT INTO tb_item (amount, item_name, score, inventory_id) VALUES (1, 'Munição', 3, 7);
INSERT INTO tb_item (amount, item_name, score, inventory_id) VALUES (1, 'Arma', 4, 6);
INSERT INTO tb_item (amount, item_name, score, inventory_id) VALUES (1, 'Comida', 1, 9);
INSERT INTO tb_item (amount, item_name, score, inventory_id) VALUES (4, 'Arma', 4, 2);
INSERT INTO tb_item (amount, item_name, score, inventory_id) VALUES (5, 'Munição', 3, 4);
INSERT INTO tb_item (amount, item_name, score, inventory_id) VALUES (5, 'Munição', 3, 5);
INSERT INTO tb_item (amount, item_name, score, inventory_id) VALUES (2, 'Arma', 4, 4);
INSERT INTO tb_item (amount, item_name, score, inventory_id) VALUES (2, 'Comida', 1, 8);
INSERT INTO tb_item (amount, item_name, score, inventory_id) VALUES (2, 'Água', 2, 9);
INSERT INTO tb_item (amount, item_name, score, inventory_id) VALUES (2, 'Água', 2, 5);
INSERT INTO tb_item (amount, item_name, score, inventory_id) VALUES (1, 'Comida', 1, 7);
INSERT INTO tb_item (amount, item_name, score, inventory_id) VALUES (1, 'Munição', 3, 8);
INSERT INTO tb_item (amount, item_name, score, inventory_id) VALUES (2, 'Arma', 4, 7);
INSERT INTO tb_item (amount, item_name, score, inventory_id) VALUES (3, 'Água', 2, 3);
INSERT INTO tb_item (amount, item_name, score, inventory_id) VALUES (2, 'Arma', 4, 8);
INSERT INTO tb_item (amount, item_name, score, inventory_id) VALUES (2, 'Munição', 3, 4);
INSERT INTO tb_item (amount, item_name, score, inventory_id) VALUES (1, 'Água', 2, 5);
INSERT INTO tb_item (amount, item_name, score, inventory_id) VALUES (1, 'Comida', 1, 9);
INSERT INTO tb_item (amount, item_name, score, inventory_id) VALUES (2, 'Munição', 3, 7);
INSERT INTO tb_item (amount, item_name, score, inventory_id) VALUES (1, 'Água', 2, 5);
INSERT INTO tb_item (amount, item_name, score, inventory_id) VALUES (2, 'Arma', 4, 10);
INSERT INTO tb_item (amount, item_name, score, inventory_id) VALUES (3, 'Comida', 1, 12);
INSERT INTO tb_item (amount, item_name, score, inventory_id) VALUES (2, 'Água', 2, 14);
INSERT INTO tb_item (amount, item_name, score, inventory_id) VALUES (5, 'Água', 2, 15);
INSERT INTO tb_item (amount, item_name, score, inventory_id) VALUES (1, 'Comida', 1, 15);
INSERT INTO tb_item (amount, item_name, score, inventory_id) VALUES (1, 'Munição', 3, 14);
INSERT INTO tb_item (amount, item_name, score, inventory_id) VALUES (2, 'Água', 2, 16);
INSERT INTO tb_item (amount, item_name, score, inventory_id) VALUES (3, 'Arma', 4, 11);
INSERT INTO tb_item (amount, item_name, score, inventory_id) VALUES (3, 'Água', 2, 16);
INSERT INTO tb_item (amount, item_name, score, inventory_id) VALUES (4, 'Água', 2, 11);
INSERT INTO tb_item (amount, item_name, score, inventory_id) VALUES (1, 'Munição', 3, 14);
INSERT INTO tb_item (amount, item_name, score, inventory_id) VALUES (1, 'Arma', 4, 17);
INSERT INTO tb_item (amount, item_name, score, inventory_id) VALUES (1, 'Comida', 1, 10);
INSERT INTO tb_item (amount, item_name, score, inventory_id) VALUES (4, 'Arma', 4, 18);
INSERT INTO tb_item (amount, item_name, score, inventory_id) VALUES (5, 'Munição', 3, 11);
INSERT INTO tb_item (amount, item_name, score, inventory_id) VALUES (5, 'Munição', 3, 17);
INSERT INTO tb_item (amount, item_name, score, inventory_id) VALUES (2, 'Arma', 4, 20);
INSERT INTO tb_item (amount, item_name, score, inventory_id) VALUES (2, 'Comida', 1, 17);
INSERT INTO tb_item (amount, item_name, score, inventory_id) VALUES (2, 'Água', 2, 19);
INSERT INTO tb_item (amount, item_name, score, inventory_id) VALUES (2, 'Água', 2, 10);
INSERT INTO tb_item (amount, item_name, score, inventory_id) VALUES (1, 'Comida', 1, 15);
INSERT INTO tb_item (amount, item_name, score, inventory_id) VALUES (1, 'Munição', 3, 11);
INSERT INTO tb_item (amount, item_name, score, inventory_id) VALUES (2, 'Arma', 4, 19);
INSERT INTO tb_item (amount, item_name, score, inventory_id) VALUES (3, 'Água', 2, 16);
INSERT INTO tb_item (amount, item_name, score, inventory_id) VALUES (2, 'Arma', 4, 13);
INSERT INTO tb_item (amount, item_name, score, inventory_id) VALUES (2, 'Munição', 3, 13);
INSERT INTO tb_item (amount, item_name, score, inventory_id) VALUES (1, 'Água', 2, 10);
INSERT INTO tb_item (amount, item_name, score, inventory_id) VALUES (1, 'Comida', 1, 11);
INSERT INTO tb_item (amount, item_name, score, inventory_id) VALUES (2, 'Munição', 3, 13);
INSERT INTO tb_item (amount, item_name, score, inventory_id) VALUES (1, 'Água', 2, 10);